{
    "digits": {
        "first": 0.95,
        "second": 0.07777777777777778,
        "third": 0.9638888888888889
    },
    "credit": {
        "first": 0.745,
        "second": 0.685,
        "third": 0.77
    },
    "mushroom": {
        "first": 0.9991142604074402,
        "second": 0.6244464127546502,
        "third": 1.0
    }
}