{
    "digits": {
        "first": 0.9555555555555556,
        "second": 0.07777777777777778,
        "third": 0.9694444444444444
    },
    "credit": {
        "first": 0.685,
        "second": 0.685,
        "third": 0.77
    },
    "mushroom": {
        "first": 0.3755535872453499,
        "second": 0.3755535872453499,
        "third": 0.3755535872453499
    }
}