{
    "digits": {
        "first": 0.07777777777777778,
        "second": 0.07777777777777778,
        "third": 0.09166666666666666
    },
    "credit": {
        "first": 0.685,
        "second": 0.315,
        "third": 0.685
    },
    "mushroom": {
        "first": 0.6244464127546502,
        "second": 0.6244464127546502,
        "third": 0.6244464127546502
    }
}